game_type,n,NASH_DOMINANT,PAYOFF_MAX,UTILITARIAN,RAWLSIAN,CATASTROPHE_PREVENTION,PRECAUTIONARY,AI_SAFETY,DOMAIN_OTHER
Stag hunt,3217,0.9468448865402549,0.8924463786136152,0.2959278831209201,0.09822816288467516,0.38265464718682,0.260801989431147,0.2315822194591234,0.12029841467205471
Bach or Stravinski,1360,0.9176470588235294,0.888235294117647,0.07867647058823529,0.11838235294117647,0.5220588235294118,0.1426470588235294,0.21176470588235294,0.14191176470588235
Coordination,2011,0.956737941322725,0.7503729487817007,0.07160616608652412,0.05072103431128792,0.17503729487817007,0.09249129786176032,0.13227250124316262,0.1079065141720537
Prisoner's Dilemma,5222,0.9655304481041747,0.7734584450402144,0.18288012255840674,0.332822673305247,0.4291459211030257,0.04136346227499042,0.1851780926847951,0.281118345461509
No conflict,312,0.9230769230769231,0.8461538461538461,0.17307692307692307,0.13782051282051283,0.40705128205128205,0.05448717948717949,0.1891025641025641,0.19230769230769232
Chicken,3917,0.9361756446259892,0.5910135307633393,0.06739851927495533,0.24380903752872096,0.8851161603267808,0.4054123053357161,0.1909624712790401,0.20985448046974725
