model,n,NASH_DOMINANT,PAYOFF_MAX,UTILITARIAN,RAWLSIAN,CATASTROPHE_PREVENTION,PRECAUTIONARY,AI_SAFETY,DOMAIN_OTHER
DeepSeek v3.2,3989,0.9415893707696165,0.8242667335171723,0.10278265229380797,0.06292303835547756,0.4504888443218852,0.3301579343193783,0.12584607671095513,0.05841062923038356
Claude Opus 4.5,4016,0.9524402390438247,0.6147908366533864,0.21040836653386455,0.438496015936255,0.5276394422310757,0.14068725099601595,0.29955179282868527,0.37798804780876494
Qwen3 30B,4018,0.9148830263812843,0.812344449975112,0.10204081632653061,0.04405176704828273,0.4487307117969139,0.14758586361373818,0.16177202588352413,0.04803384768541563
Claude Sonnet 4.5,4016,0.9855577689243028,0.7930776892430279,0.2019422310756972,0.28037848605577687,0.5998505976095617,0.14068725099601595,0.17878486055776893,0.29955179282868527
