outcome,n,NASH_DOMINANT,PAYOFF_MAX,UTILITARIAN,RAWLSIAN,CATASTROPHE_PREVENTION,PRECAUTIONARY,AI_SAFETY,DOMAIN_OTHER
optimal,8122,0.9416399901502093,0.6752031519330214,0.18776163506525487,0.2600344742674218,0.5337355331199212,0.19453336616596897,0.23750307805959123,0.22950012312238366
suboptimal,7917,0.9557913351016799,0.8490589869900215,0.12012125805229254,0.15195149677908298,0.4790956170266515,0.18441328786156372,0.1444991789819376,0.16205633447012757
