category,optimal,suboptimal,diff_pp
Utilitarian Reasoning,0.18776163506525487,0.12012125805229254,6.764037701296233
Catastrophe Prevention,0.5337355331199212,0.4790956170266515,5.463991609326968
Nash/Dominant Strategy,0.9416399901502093,0.9557913351016799,-1.4151344951470635
Precautionary Principle,0.19453336616596897,0.18441328786156372,1.0120078304405256
Payoff Maximization,0.6752031519330214,0.8490589869900215,-17.38558350570001
Rawlsian Reasoning,0.2600344742674218,0.15195149677908298,10.808297748833883
AI Alignment & Safety,0.23750307805959123,0.1444991789819376,9.300389907765364
Domain-Specific (Other),0.22950012312238366,0.16205633447012757,6.744378865225609
