model,lambda_hat,lambda_ci_lo,lambda_ci_hi,beta_hat,beta_ci_lo,beta_ci_hi,log_likelihood,n_scenarios
Gemma 4 31B,0.0,0.0,0.053981106612685556,7.189878542510121,5.766531713900134,11.159807692307684,-48.42712465281096,30
GPT-4o,4.102564102564102,3.2793522267206474,10.0,0.5028340080971659,0.1,0.5834008097165991,-144.56796091139483,30
GPT-5.4 Mini,0.0,0.0,0.0,2.3021592442645074,1.3199156545209183,3.7255060728744933,-167.25152933731323,30
Grok 4.1 Fast,0.0,0.0,0.20242914979757082,9.633738191632927,7.297300944669365,20.0,-24.842842592943974,30
GPT-5.4,0.10796221322537111,0.0,0.36437246963562747,4.262618083670715,2.9312516869095817,7.339598515519565,-125.70636009958649,30
