game_type,n,NASH_DOMINANT,PAYOFF_MAX,UTILITARIAN,RAWLSIAN,CATASTROPHE_PREVENTION,PRECAUTIONARY,AI_SAFETY,DOMAIN_OTHER
Stag hunt,3217,0.8797015853279453,0.8896487410631023,0.815045073049425,0.03885607709045695,0.43612060926328877,0.7385763133354056,0.47808517252098226,0.8899595896798259
Bach or Stravinski,1360,0.7977941176470589,0.8977941176470589,0.5772058823529411,0.0375,0.6169117647058824,0.7625,0.43676470588235294,0.8838235294117647
Coordination,2011,0.904027846842367,0.44803580308304325,0.6235703630034809,0.018896071606166086,0.3142715067130781,0.48881153654898063,0.30532073595226256,0.8503232222774739
Prisoner's Dilemma,5222,0.9484871696667944,0.9546150900038299,0.778437380314056,0.09555725775564917,0.469934890846419,0.617579471466871,0.4714668709306779,0.9325928762926082
No conflict,312,0.9583333333333334,0.9166666666666666,0.8493589743589743,0.060897435897435896,0.6121794871794872,0.657051282051282,0.3557692307692308,0.9807692307692307
Chicken,3917,0.8828184835333163,0.8675006382435537,0.7010467194281338,0.08782231299463876,0.9034975746744958,0.9175389328567781,0.5384222619351544,0.9318355884605566
