model,n,NASH_DOMINANT,PAYOFF_MAX,UTILITARIAN,RAWLSIAN,CATASTROPHE_PREVENTION,PRECAUTIONARY,AI_SAFETY,DOMAIN_OTHER
DeepSeek v3.2,3989,0.88368012033091,0.8495863624968664,0.622211080471296,0.021057909250438708,0.5432439207821509,0.6746051642015543,0.4537478064677864,0.9042366507896716
Claude Opus 4.5,4016,0.9828187250996016,0.8005478087649402,0.8498505976095617,0.13794820717131473,0.6518924302788844,0.8020418326693227,0.4805776892430279,0.9215637450199203
Qwen3 30B,4018,0.749377799900448,0.89198606271777,0.6192135390741662,0.012195121951219513,0.36884021901443503,0.5657043305126929,0.4666500746640119,0.8937282229965157
Claude Sonnet 4.5,4016,0.9860557768924303,0.8627988047808764,0.8351593625498008,0.09686254980079681,0.6949701195219123,0.8055278884462151,0.4514442231075697,0.921812749003984
