outcome,n,NASH_DOMINANT,PAYOFF_MAX,UTILITARIAN,RAWLSIAN,CATASTROPHE_PREVENTION,PRECAUTIONARY,AI_SAFETY,DOMAIN_OTHER
optimal,8122,0.8948534843634572,0.811130263481901,0.7765328736764344,0.084338832799803,0.6109332676680621,0.7626200443240582,0.48374784535828613,0.9055651317409505
suboptimal,7917,0.9062776304155614,0.8923834785903751,0.6858658582796514,0.049387394214980423,0.5173676897814828,0.6600985221674877,0.4419603385120626,0.9152456738663636
