category,optimal,suboptimal,diff_pp
AI Alignment & Safety,0.48374784535828613,0.4419603385120626,4.178750684622351
Rawlsian Reasoning,0.084338832799803,0.049387394214980423,3.4951438584822583
Nash/Dominant Strategy,0.8948534843634572,0.9062776304155614,-1.1424146052104178
Domain-Specific (Other),0.9055651317409505,0.9152456738663636,-0.9680542125413027
Payoff Maximization,0.811130263481901,0.8923834785903751,-8.125321510847417
Utilitarian Reasoning,0.7765328736764344,0.6858658582796514,9.066701539678302
Catastrophe Prevention,0.6109332676680621,0.5173676897814828,9.356557788657927
Precautionary Principle,0.7626200443240582,0.6600985221674877,10.252152215657052
